-- DATA CUSTOMERGROUP
INSERT INTO CUSTOMERGROUP
VALUES ('Class A', 500000);
INSERT INTO CUSTOMERGROUP
VALUES ('Class B', 400000);
INSERT INTO CUSTOMERGROUP
VALUES ('Class C', 300000);
INSERT INTO CUSTOMERGROUP
VALUES ('Class D', 200000);
INSERT INTO CUSTOMERGROUP
VALUES ('Class E', 100000);


-- DATA CUSTOMER
INSERT INTO CUSTOMER_ACC 
VALUES ('jamescus','123df','James', 'E', 'Borg', '18120000', '1977-11-10', '450 Stone, Houston, TX', 'M', 0900000, 0,500000, 'Class A');
INSERT INTO CUSTOMER_ACC 
VALUES ('Frankcus','1hj3h','Franklin', 'T', 'Wong', '18120001', '1995-12-08', '638 Voss, Houston, TX', 'M', 0900001,1000,400000, 'Class B');
INSERT INTO CUSTOMER_ACC 
VALUES ('Johncus','jdhjd','John', 'B', 'Smith', '18120002', '1985-01-09', '731 Fondren, Houston, TX', 'M', 0900002, 0,300000, 'Class C');
INSERT INTO CUSTOMER_ACC
VALUES ('jencus','jdh389@','Jennifer', 'S', 'Wallace', '18120003', '1981-06-20', '291 Berry, Bellaire, TX', 'F', 0900003, 3000,200000, 'Class D');
INSERT INTO CUSTOMER_ACC
VALUES ('ramcus','38hcs','Ramesh', 'K', 'Narayan', '18120004', '1992-09-15', '975 Fire Oak, Humble, TX', 'M', 0900004, 500,100000, 'Class E');


-- DATA EMPLOYEE
INSERT INTO EMPLOYEE_ACC 
VALUES ('jenem','8dy7d','Jen', 'S', 'Wallace', '350000', '1971-06-20', '291 Berry, Bellaire, TX', 'F', 43000, 03800000, NULL);
INSERT INTO EMPLOYEE_ACC 
VALUES ('khuem','847gdf','Khus', 'K', 'Narayan', '350001', '1972-09-15', '975 Fire Oak, Humble, TX', 'M', 380020, 03800001,NULL);
INSERT INTO EMPLOYEE_ACC 
VALUES ('joyem','983id','Joyce', 'A', 'English', '350002', '1972-07-31', '5631 Rice, Houston, TX', 'F', 250300, 03800002,'350002');
INSERT INTO EMPLOYEE_ACC 
VALUES ('aliem','9dkxs','Alicia', 'J', 'Zelaya', '350003', '1968-01-19', '3321 Castle, Spring, TX', 'F', 25000, 03800003,'350002');
INSERT INTO EMPLOYEE_ACC 
VALUES ('ahmem','jkd7s','Ahmad', 'V', 'Jabbar', '350004', '1969-03-29', '980 Dallas, Houston, TX', 'M', 250300, 03800004,'350002');
INSERT INTO EMPLOYEE_ACC 
VALUES ('catem','0d8hd','Cathy', 'S', 'Wal', '350005', '1971-06-20', '295 Berry, Bellaire, TX', 'F', 430300, 03800005, '350002');
INSERT INTO EMPLOYEE_ACC 
VALUES ('robem','090shh','Robie', 'K', 'Naraee', '350006', '1972-09-15', '955 Fire Oak, Humble, TX', 'M', 38000, 03800005, '350002');
INSERT INTO EMPLOYEE_ACC 
VALUES ('jayem','9hdhd8','Jayee', 'A', 'Mad', '350007', '1972-07-31', '5531 Rice, Houston, TX', 'F', 250300, 03800007,'350002');
INSERT INTO EMPLOYEE_ACC 
VALUES ('alicem','y7sff','Alice', 'J', 'Nae', '350008', '1968-01-19', '3621 Castle, Spring, TX', 'F', 25000, 03800008,'350002');
INSERT INTO EMPLOYEE_ACC 
VALUES ('timem','dnkkdnk','Tim', 'V', 'Anbi', '350009', '1969-03-29', '680 Dallas, Houston, TX', 'M', 25000, 03800009,'350002');
INSERT INTO EMPLOYEE_ACC 
VALUES ('alem','8gd8127','Alex', 'S', 'Echen', '3500010', '1971-06-20', '271 Berry, Bellaire, TX', 'F', 43000, 038000010, '350002');
INSERT INTO EMPLOYEE_ACC 
VALUES ('rinem','8shss','Rin', 'K', 'Narayan', '3500011', '1972-09-15', '175 Fire Oak, Humble, TX', 'M', 38000, 038000011, NULL);
INSERT INTO EMPLOYEE_ACC 
VALUES ('neem','hsdiusd','Neil', 'A', 'English', '3500012', '1972-07-31', '5331 Rice, Houston, TX', 'F', 25000, 038000012,'350002');
INSERT INTO EMPLOYEE_ACC 
VALUES ('binem','dkjdsa','Binz', 'J', 'Zelae', '3500013', '1968-01-19', '3341 Castle, Spring, TX', 'F', 25000,038000013,'350002');
INSERT INTO EMPLOYEE_ACC 
VALUES ('kumem','djkd','Kuma', 'V', 'Jabbar', '3500014', '1969-03-29', '960 Dallas, Houston, TX', 'M', 25000,038000014,'350002');
INSERT INTO EMPLOYEE_ACC 
VALUES ('teeem','sodoss','Teena', 'S', 'Wallace', '3500015', '1971-06-20', '591 Berry, Bellaire, TX', 'F', 43000,038000015, '350002');
INSERT INTO EMPLOYEE_ACC 
VALUES ('tinaem','kdjd9s','Tina', 'K', 'Narayan', '3500016', '1972-09-15', '11275 Fire Oak, Humble, TX', 'M', 38000, 038000016, NULL);
INSERT INTO EMPLOYEE_ACC 
VALUES ('minem','38034c','Mins', 'A', 'Watson', '3500017', '1972-07-31', '54631 Rice, Houston, TX', 'F', 25000, 038000017,'350002');
INSERT INTO EMPLOYEE_ACC 
VALUES ('cobuem','039023l','cobu', 'J', 'Timse', '3500018', '1968-01-19', '33231 Castle, Spring, TX', 'F', 25000, 038000018,'350002');
INSERT INTO EMPLOYEE_ACC 
VALUES ('aliem','2092j','Ali', 'V', 'Ali', '3500019', '1969-03-29', '9180 Dallas, Houston, TX', 'M', 25000, 038000019,'350002');
INSERT INTO EMPLOYEE_ACC 
VALUES ('samem','093hd','Sam', 'S', 'Qaaed', '3500020', '1971-06-20', '2291 Berry, Bellaire, TX', 'F', 43000, 038000020, '350002');
INSERT INTO EMPLOYEE_ACC 
VALUES ('takem','ehkess','Takaa', 'K', 'Narayan', '3500021', '1972-09-15', '9375 Fire Oak, Humble, TX', 'M', 38000, 038000021, NULL);
INSERT INTO EMPLOYEE_ACC 
VALUES ('alinem','kddddd','Alins', 'A', 'Alexname', '3500022', '1972-07-31', '56431 Rice, Houston, TX', 'F', 25000, 038000022,'350002');
INSERT INTO EMPLOYEE_ACC 
VALUES ('akiem','djd22','Akiee', 'J', 'Rin', '3500023', '1968-01-19', '33241 Castle, Spring, TX', 'F', 25000,038000023,'350002');
INSERT INTO EMPLOYEE_ACC 
VALUES ('quaaem','kd282d','Qaanu', 'V', 'Maask', '3500024', '1969-03-29', '9840 Dallas, Houston, TX', 'M', 25000, 038000024,'350002');


-- DATA CASHIER
INSERT INTO CASHIER
VALUES ('350000');
INSERT INTO CASHIER 
VALUES ('350001');
INSERT INTO CASHIER
VALUES ('350002');
INSERT INTO CASHIER 
VALUES ('350003');
INSERT INTO CASHIER 
VALUES ('350004');


-- DATA DRIVER
INSERT INTO DRIVER 
VALUES ('350005');
INSERT INTO DRIVER 
VALUES ('350006');
INSERT INTO DRIVER 
VALUES ('350007');
INSERT INTO DRIVER 
VALUES ('350008');
INSERT INTO DRIVER 
VALUES ('350009');


-- DATA SELL
INSERT INTO SELLER
VALUES ('3500010');
INSERT INTO SELLER
VALUES ('3500011');
INSERT INTO SELLER
VALUES ('3500012');
INSERT INTO SELLER 
VALUES ('3500013');
INSERT INTO SELLER 
VALUES ('3500014');


-- DATA IMEXPORT
INSERT INTO IMEXPORT 
VALUES ('3500015');
INSERT INTO IMEXPORT
VALUES ('3500016');
INSERT INTO IMEXPORT 
VALUES ('3500017');
INSERT INTO IMEXPORT 
VALUES ('3500018');
INSERT INTO IMEXPORT
VALUES ('3500019');


-- DATA DORDER
INSERT INTO DORDER
VALUES ('55000', 'NO NOTE', '440 Stone, Bilane, TX', '2020-1-10',  'COMPLETED', '18120004',  '3500010');
INSERT INTO DORDER
VALUES ('55001', 'NO NOTE', '450 Stone, Houston, TX', '2019-11-10',  'CANCEL', '18120003',  '3500012');
INSERT INTO DORDER
VALUES ('55002', 'NO NOTE', '460 Wall, Houston, TX', '2019-11-30',  'COMPLETED', '18120003',  '3500013');
INSERT INTO DORDER
VALUES ('55003', 'NO NOTE', '470 Mina, Quevec, TX', '2019-12-21',  'WAITING', '18120001', '3500014');
INSERT INTO DORDER
VALUES ('55004', 'NO NOTE', '480 Stone, Houston, TX', '2020-11-20',  'COMPLETED', '18120000',  '3500014');


-- DATA ITEMS
INSERT INTO ITEMS
VALUES ('100000', 'Toy', 'Beautiful toy', 'Princess',  'red', NULL ,  NULL , 'China',100);
INSERT INTO ITEMS
VALUES ('100001', 'Shampoo', 'good shampoo for everyone', 'Miks',  'white', NULL ,  NULL , 'Japan',10);
INSERT INTO ITEMS
VALUES ('100002', 'Book', 'Comic book', 'Harry Potter',  'Yellow', NULL ,  NULL , 'UK',100);
INSERT INTO ITEMS
VALUES ('100003', 'Pencil', '5B pencil', 'Micca',  'blue', NULL ,  NULL , 'India',100);
INSERT INTO ITEMS
VALUES ('100004', 'Laptop', 'Good choice', 'Acers',  'black', NULL ,  NULL , 'US',100);


-- DATA BILL
INSERT INTO BILL
VALUES ('5000000', '55000' ,  '3500010');
INSERT INTO BILL
VALUES ('5000001', '55002' ,  '3500012');
INSERT INTO BILL
VALUES ('5000002', '55004' ,  '3500011');
INSERT INTO BILL
VALUES ('5000003', '55001' ,  '3500013');
INSERT INTO BILL
VALUES ('5000004', '55003' ,  '3500014');
INSERT INTO BILL
VALUES ('5000005', '55000' ,  '3500014');
INSERT INTO BILL
VALUES ('5000006', '55001' ,  '3500014');


-- DATA INFOR
INSERT INTO INFOR
VALUES (10, 'm' , 200 , 10, '2020-11-21','5000000','100000');
INSERT INTO INFOR
VALUES (20, 'm' , 500 , 10, '2020-11-15','5000001','100001');
INSERT INTO INFOR
VALUES (20, 'm' , 560, 20, '2020-11-1','5000004','100003');
INSERT into INFOR
VALUES (30, 'm' , 2500, 40, '2020-10-11','5000004','100004');
INSERT INTO INFOR
VALUES (15, 'm' , 300, 10, '2020-9-11','5000004','100002');


-- DATA INCLUDES
INSERT INTO INCLUDES
VALUES (1, 'm' ,'55000','100000');
INSERT INTO INCLUDES
VALUES (2, 'm' ,'55000','100002');
INSERT INTO INCLUDES
VALUES (5, 'm' ,'55002','100003');
INSERT INTO INCLUDES
VALUES (15, 'm' ,'55003','100004');
INSERT INTO INCLUDES
VALUES (5, 'm' ,'55004','100001');


-- DATA TRANSPORTATION DEPARTMENT
INSERT INTO TRANS_DEPT
VALUES ('9000');
INSERT INTO TRANS_DEPT
VALUES ('9001');
INSERT INTO TRANS_DEPT
VALUES ('9002');
INSERT INTO TRANS_DEPT
VALUES ('9003');
INSERT INTO TRANS_DEPT
VALUES ('9004');
INSERT INTO TRANS_DEPT
VALUES ('9005');
INSERT INTO TRANS_DEPT
VALUES ('9006');
INSERT INTO TRANS_DEPT
VALUES ('9007');
INSERT INTO TRANS_DEPT
VALUES ('9008');
INSERT INTO TRANS_DEPT
VALUES ('9009');


-- DATA INTERNAL TRANSPORTATION DEPARTMENT
INSERT INTO IN_TRANS_DEPT
VALUES ('9000','59H 794','350005');
INSERT INTO IN_TRANS_DEPT
VALUES ('9001','60H 797','350006');
INSERT INTO IN_TRANS_DEPT
VALUES ('9002','49H 097','350007');
INSERT INTO IN_TRANS_DEPT
VALUES ('9003','58H 007','350008');
INSERT INTO IN_TRANS_DEPT
VALUES ('9004','59H 124','350009');


-- DATA EXTERNAL TRANSPORTATION DEPARTMENT
INSERT INTO EX_TRANS_DEPT 
VALUES ('James', 'E', 'Borg', '9005', '1977-11-10', '450 Stone, Houston, TX', 'M', 55000123, '58H 505');
INSERT INTO EX_TRANS_DEPT 
VALUES ('Rina', 'S', 'Ali', '9006', '1987-1-10', '451 Cleary, Houston, TX', 'M', 55000234, '59H 515');
INSERT INTO EX_TRANS_DEPT 
VALUES ('John', 'T', 'Muha', '9007', '1997-3-10', '460 Anbat, Houston, TX', 'M', 55000245, '60H 105');
INSERT INTO EX_TRANS_DEPT 
VALUES ('Lee', 'A', 'James', '9008', '1979-11-21', '470 Sto, Buns, TX', 'M', 55000567, '59H 005');
INSERT INTO EX_TRANS_DEPT 
VALUES ('Kamin', 'D', 'Kuan', '9009', '1982-1-10', '490 Stone, Houston, TX', 'M', 55000111, '58H 105');


-- DATA DELIVERY
INSERT INTO DELIVERY
VALUES ('7000', 'departed' ,'Hanoi','3500015','9000');
INSERT INTO DELIVERY
VALUES ('7001', 'COMPLETED' ,'Hochiminh','3500016','9001');
INSERT INTO DELIVERY
VALUES ('7002', 'Not departed ' ,'Danang','3500015','9001');
INSERT INTO DELIVERY
VALUES ('7003', 'COMPLETED' ,'Hanoi','3500017','9002');
INSERT INTO DELIVERY
VALUES ('7004', 'COMPLETED' ,'Hanoi','3500018','9003');


-- DATA SHIPED
INSERT INTO SHIPPED
VALUES (110, '2022-3-1' ,'m',20.3,'7000','100000','55000');
INSERT INTO SHIPPED
VALUES (110, '2022-3-1' ,'m',21.3,'7000','100004','55000');
INSERT INTO SHIPPED
VALUES (100, '2022-2-1' ,'m',25.5,'7001','100002','55001');
INSERT INTO SHIPPED
VALUES (200, '2022-1-1' ,'m',20.1,'7004','100003','55003');
INSERT INTO SHIPPED
VALUES (120, '2022-11-1' ,'m',202.3,'7004','100001','55003');


-- DATA PAYMENT
INSERT INTO PAYMENT
VALUES ('15000', '2022-1-1' ,2000,'Buy furniture','350000');
INSERT INTO PAYMENT
VALUES ('15001', '2022-12-1' ,3000,'Buy House','350000');
INSERT INTO PAYMENT
VALUES ('15002', '2022-2-1' ,2100,'Buy Laptop','350001');
INSERT INTO PAYMENT
VALUES ('15003', '2022-4-1' ,2500,'Buy Safety Equiment','350002');
INSERT INTO PAYMENT
VALUES ('15004', '2022-1-21' ,6000,'Buy furniture','350002');


-- DATA COUPONS
INSERT INTO COUPONS
VALUES ('25000', '2022-1-1' ,2003,'350000', '18120000');
INSERT INTO COUPONS
VALUES ('25001', '2022-4-15' ,2023,'350000', '18120001');
INSERT INTO COUPONS
VALUES ('25002', '2022-1-12' ,2010,'350000', '18120001');
INSERT INTO COUPONS
VALUES ('25003', '2022-11-1' ,2000,'350004', '18120001');
INSERT INTO COUPONS
VALUES ('25004', '2022-4-1' ,2500,'350000', '18120004');